241540;241540;BALL;https://emex.ru/products/0241540/Land+Rover/2986;Land Rover;100;QSPR;31;130;19.07.2020
241540;241540;BALL;https://emex.ru/products/0241540/Land+Rover/10797;Land Rover;100;QSPR;31;128;19.07.2020
241540;241540;BALL;https://emex.ru/products/0241540/Land+Rover/11447;Land Rover;100;QSPR;32;141;19.07.2020
241540;241540;BALL;https://emex.ru/products/0241540/Land+Rover/11474;Land Rover;100;QSPR;31;139;19.07.2020
241540;241540;BALL;https://emex.ru/products/0241540/Land+Rover/11680;Land Rover;100;QSPR;31;131;19.07.2020
241540;241540;BALL;https://emex.ru/products/0241540/Land+Rover/13233;Land Rover;100;QSPR;31;144;19.07.2020
241540;241540;BALL;https://emex.ru/products/0241540/Land+Rover/13978;Land Rover;100;QSPR;31;136;19.07.2020
241540;241540;BALL;https://emex.ru/products/0241540/Land+Rover/15126;Land Rover;100;QSPR;32;128;19.07.2020
241540;241540;BALL;https://emex.ru/products/0241540/Land+Rover/15853;Land Rover;100;QSPR;31;128;19.07.2020
241540;241540;BALL;https://emex.ru/products/0241540/Land+Rover/16101;Land Rover;100;QSPR;31;136;19.07.2020
241540;241540;BALL;https://emex.ru/products/0241540/Land+Rover/16144;Land Rover;100;QSPR;31;136;19.07.2020
241540;241540;BALL;https://emex.ru/products/0241540/Land+Rover/16618;Land Rover;100;QSPR;31;143;19.07.2020
241540;241540;BALL;https://emex.ru/products/0241540/Land+Rover/17456;Land Rover;100;QSPR;31;133;19.07.2020
241540;241540;BALL;https://emex.ru/products/0241540/Land+Rover/18535;Land Rover;100;QSPR;31;130;19.07.2020
241540;241540;BALL;https://emex.ru/products/0241540/Land+Rover/18696;Land Rover;100;QSPR;52;143;19.07.2020
241540;241540;BALL;https://emex.ru/products/0241540/Land+Rover/18948;Land Rover;100;QSPR;31;135;19.07.2020
241540;241540;BALL;https://emex.ru/products/0241540/Land+Rover/19165;Land Rover;100;QSPR;32;140;19.07.2020
241540;241540;BALL;https://emex.ru/products/0241540/Land+Rover/19187;Land Rover;100;QSPR;31;134;19.07.2020
241540;241540;BALL;https://emex.ru/products/0241540/Land+Rover/19693;Land Rover;100;QSPR;32;138;19.07.2020
241540;241540;BALL;https://emex.ru/products/0241540/Land+Rover/19713;Land Rover;100;QSPR;31;141;19.07.2020
241540;241540;BALL;https://emex.ru/products/0241540/Land+Rover/20496;Land Rover;100;QSPR;32;131;19.07.2020
241540;241540;BALL;https://emex.ru/products/0241540/Land+Rover/20601;Land Rover;100;QSPR;31;140;19.07.2020
241540;241540;BALL;https://emex.ru/products/0241540/Land+Rover/20627;Land Rover;100;QSPR;31;137;19.07.2020
241540;241540;BALL;https://emex.ru/products/0241540/Land+Rover/20934;Land Rover;100;QSPR;31;136;19.07.2020
241540;241540;BALL;https://emex.ru/products/0241540/Land+Rover/21377;Land Rover;100;QSPR;31;141;19.07.2020
241540;241540;BALL;https://emex.ru/products/0241540/Land+Rover/21612;Land Rover;100;QSPR;32;142;19.07.2020
241540;241540;BALL;https://emex.ru/products/0241540/Land+Rover/21682;Land Rover;100;QSPR;31;130;19.07.2020
241540;241540;BALL;https://emex.ru/products/0241540/Land+Rover/21943;Land Rover;100;QSPR;31;134;19.07.2020
241540;241540;BALL;https://emex.ru/products/0241540/Land+Rover/22133;Land Rover;100;QSPR;33;136;19.07.2020
241540;241540;BALL;https://emex.ru/products/0241540/Land+Rover/22178;Land Rover;100;QSPR;33;136;19.07.2020
241540;241540;BALL;https://emex.ru/products/0241540/Land+Rover/22180;Land Rover;100;QSPR;33;136;19.07.2020
241540;241540;BALL;https://emex.ru/products/0241540/Land+Rover/22181;Land Rover;100;QSPR;33;136;19.07.2020
241540;241540;BALL;https://emex.ru/products/0241540/Land+Rover/22182;Land Rover;100;QSPR;33;136;19.07.2020
241540;241540;BALL;https://emex.ru/products/0241540/Land+Rover/22289;Land Rover;100;QSPR;31;135;19.07.2020
241540;241540;BALL;https://emex.ru/products/0241540/Land+Rover/23050;Land Rover;100;QSPR;31;138;19.07.2020
241540;241540;BALL;https://emex.ru/products/0241540/Land+Rover/23087;Land Rover;100;QSPR;32;137;19.07.2020
241540;241540;BALL;https://emex.ru/products/0241540/Land+Rover/23109;Land Rover;100;QSPR;31;132;19.07.2020
241540;241540;BALL;https://emex.ru/products/0241540/Land+Rover/23240;Land Rover;100;QSPR;31;139;19.07.2020
241540;241540;BALL;https://emex.ru/products/0241540/Land+Rover/23569;Land Rover;100;QSPR;31;135;19.07.2020
241540;241540;BALL;https://emex.ru/products/0241540/Land+Rover/23590;Land Rover;100;QSPR;31;139;19.07.2020
241540;241540;BALL;https://emex.ru/products/0241540/Land+Rover/23641;Land Rover;100;QSPR;31;141;19.07.2020
241540;241540;BALL;https://emex.ru/products/0241540/Land+Rover/23662;Land Rover;100;QSPR;31;131;19.07.2020
241540;241540;BALL;https://emex.ru/products/0241540/Land+Rover/24030;Land Rover;100;QSPR;32;137;19.07.2020
241540;241540;BALL;https://emex.ru/products/0241540/Land+Rover/24211;Land Rover;100;QSPR;32;137;19.07.2020
241540;241540;BALL;https://emex.ru/products/0241540/Land+Rover/24353;Land Rover;100;QSPR;32;138;19.07.2020
241540;241540;BALL;https://emex.ru/products/0241540/Land+Rover/24635;Land Rover;100;QSPR;32;130;19.07.2020
241540;241540;BALL;https://emex.ru/products/0241540/Land+Rover/25022;Land Rover;100;QSPR;33;131;19.07.2020
241540;241540;BALL;https://emex.ru/products/0241540/Land+Rover/25752;Land Rover;100;QSPR;33;138;19.07.2020
241540;241540;BALL;https://emex.ru/products/0241540/Land+Rover/25928;Land Rover;100;QSPR;31;136;19.07.2020
241540;241540;BALL;https://emex.ru/products/0241540/Land+Rover/26021;Land Rover;100;QSPR;33;136;19.07.2020
241540;241540;BALL;https://emex.ru/products/0241540/Land+Rover/26044;Land Rover;100;QSPR;31;134;19.07.2020
241540;241540;BALL;https://emex.ru/products/0241540/Land+Rover/26081;Land Rover;100;QSPR;31;130;19.07.2020
241540;241540;BALL;https://emex.ru/products/0241540/Land+Rover/26139;Land Rover;100;QSPR;32;138;19.07.2020
241540;241540;BALL;https://emex.ru/products/0241540/Land+Rover/26278;Land Rover;100;QSPR;33;136;19.07.2020
241540;241540;BALL;https://emex.ru/products/0241540/Land+Rover/26518;Land Rover;100;QSPR;32;138;19.07.2020
241540;241540;BALL;https://emex.ru/products/0241540/Land+Rover/26647;Land Rover;100;QSPR;33;142;19.07.2020
241540;241540;BALL;https://emex.ru/products/0241540/Land+Rover/26814;Land Rover;100;QSPR;32;198;19.07.2020
241540;241540;BALL;https://emex.ru/products/0241540/Land+Rover/26928;Land Rover;100;QSPR;33;138;19.07.2020
241540;241540;BALL;https://emex.ru/products/0241540/Land+Rover/26942;Land Rover;100;QSPR;32;138;19.07.2020
241540;241540;BALL;https://emex.ru/products/0241540/Land+Rover/26952;Land Rover;100;QSPR;31;148;19.07.2020
241540;241540;BALL;https://emex.ru/products/0241540/Land+Rover/27188;Land Rover;100;QSPR;31;137;19.07.2020
241540;241540;BALL;https://emex.ru/products/0241540/Land+Rover/27269;Land Rover;100;QSPR;32;130;19.07.2020
241540;241540;BALL;https://emex.ru/products/0241540/Land+Rover/27319;Land Rover;100;QSPR;32;142;19.07.2020
241540;241540;BALL;https://emex.ru/products/0241540/Land+Rover/27325;Land Rover;100;QSPR;32;130;19.07.2020
241540;241540;BALL;https://emex.ru/products/0241540/Land+Rover/27326;Land Rover;100;QSPR;32;130;19.07.2020
241540;241540;BALL;https://emex.ru/products/0241540/Land+Rover/27347;Land Rover;100;QSPR;32;138;19.07.2020
241540;241540;BALL;https://emex.ru/products/0241540/Land+Rover/27542;Land Rover;100;QSPR;32;130;19.07.2020
241540;241540;BALL;https://emex.ru/products/0241540/Land+Rover/27588;Land Rover;100;QSPR;31;136;19.07.2020
241540;241540;BALL;https://emex.ru/products/0241540/Land+Rover/27670;Land Rover;100;QSPR;32;130;19.07.2020
241540;241540;BALL;https://emex.ru/products/0241540/Land+Rover/27685;Land Rover;100;QSPR;32;130;19.07.2020
241540;241540;BALL;https://emex.ru/products/0241540/Land+Rover/27853;Land Rover;100;QSPR;31;138;19.07.2020
241540;241540;BALL;https://emex.ru/products/0241540/Land+Rover/27870;Land Rover;100;QSPR;33;136;19.07.2020
241540;241540;BALL;https://emex.ru/products/0241540/Land+Rover/27910;Land Rover;100;QSPR;31;174;19.07.2020
241540;241540;BALL;https://emex.ru/products/0241540/Land+Rover/27919;Land Rover;100;QSPR;32;137;19.07.2020
241540;241540;BALL;https://emex.ru/products/0241540/Land+Rover/28126;Land Rover;100;QSPR;32;141;19.07.2020
241540;241540;BALL;https://emex.ru/products/0241540/Land+Rover/28440;Land Rover;100;QSPR;33;130;19.07.2020
241540;241540;BALL;https://emex.ru/products/0241540/Land+Rover/28442;Land Rover;100;QSPR;32;130;19.07.2020
241540;241540;BALL;https://emex.ru/products/0241540/Land+Rover/28503;Land Rover;100;QSPR;33;136;19.07.2020
241540;241540;BALL;https://emex.ru/products/0241540/Land+Rover/28523;Land Rover;100;QSPR;31;138;19.07.2020
241540;241540;BALL;https://emex.ru/products/0241540/Land+Rover/28579;Land Rover;100;QSPR;32;130;19.07.2020
241540;241540;BALL;https://emex.ru/products/0241540/Land+Rover/28582;Land Rover;100;QSPR;32;130;19.07.2020
241540;241540;BALL;https://emex.ru/products/0241540/Land+Rover/28664;Land Rover;100;QSPR;32;137;19.07.2020
241540;241540;BALL;https://emex.ru/products/0241540/Land+Rover/28693;Land Rover;100;QSPR;32;130;19.07.2020
241540;241540;BALL;https://emex.ru/products/0241540/Land+Rover/28807;Land Rover;100;QSPR;32;130;19.07.2020
241540;241540;BALL;https://emex.ru/products/0241540/Land+Rover/28808;Land Rover;100;QSPR;33;130;19.07.2020
241540;241540;BALL;https://emex.ru/products/0241540/Land+Rover/28854;Land Rover;100;QSPR;32;130;19.07.2020
241540;241540;BALL;https://emex.ru/products/0241540/Land+Rover/28885;Land Rover;100;QSPR;32;130;19.07.2020
241540;241540;BALL;https://emex.ru/products/0241540/Land+Rover/28904;Land Rover;100;QSPR;32;134;19.07.2020
241540;241540;BALL;https://emex.ru/products/0241540/Land+Rover/28912;Land Rover;100;QSPR;32;130;19.07.2020
241540;241540;BALL;https://emex.ru/products/0241540/Land+Rover/28928;Land Rover;100;QSPR;32;130;19.07.2020
241540;241540;BALL;https://emex.ru/products/0241540/Land+Rover/28929;Land Rover;100;QSPR;32;130;19.07.2020
241540;241540;BALL;https://emex.ru/products/0241540/Land+Rover/28930;Land Rover;100;QSPR;32;130;19.07.2020
241540;241540;BALL;https://emex.ru/products/0241540/Land+Rover/28931;Land Rover;100;QSPR;32;130;19.07.2020
241540;241540;BALL;https://emex.ru/products/0241540/Land+Rover/28945;Land Rover;100;QSPR;32;143;19.07.2020
241540;241540;BALL;https://emex.ru/products/0241540/Land+Rover/28970;Land Rover;100;QSPR;32;135;19.07.2020
241540;241540;BALL;https://emex.ru/products/0241540/Land+Rover/28975;Land Rover;100;QSPR;31;141;19.07.2020
241540;241540;BALL;https://emex.ru/products/0241540/Land+Rover/29017;Land Rover;100;QSPR;32;140;19.07.2020
241540;241540;BALL;https://emex.ru/products/0241540/Land+Rover/29085;Land Rover;100;QSPR;32;147;19.07.2020
241540;241540;BALL;https://emex.ru/products/0241540/Land+Rover/29177;Land Rover;100;QSPR;32;130;19.07.2020
241540;241540;BALL;https://emex.ru/products/0241540/Land+Rover/29230;Land Rover;100;QSPR;33;130;19.07.2020
241540;241540;BALL;https://emex.ru/products/0241540/Land+Rover/29241;Land Rover;100;QSPR;32;130;19.07.2020
241540;241540;BALL;https://emex.ru/products/0241540/Land+Rover/29372;Land Rover;100;QSPR;31;134;19.07.2020
241540;241540;BALL;https://emex.ru/products/0241540/Land+Rover/29458;Land Rover;100;QSPR;33;130;19.07.2020
241540;241540;BALL;https://emex.ru/products/0241540/Land+Rover/29467;Land Rover;100;QSPR;32;130;19.07.2020
241540;241540;BALL;https://emex.ru/products/0241540/Land+Rover/29476;Land Rover;100;QSPR;32;130;19.07.2020
241540;241540;BALL;https://emex.ru/products/0241540/Land+Rover/29534;Land Rover;100;QSPR;32;130;19.07.2020
241540;241540;BALL;https://emex.ru/products/0241540/Land+Rover/29547;Land Rover;100;QSPR;32;130;19.07.2020
241540;241540;BALL;https://emex.ru/products/0241540/Land+Rover/29629;Land Rover;100;QSPR;32;130;19.07.2020
241540;241540;BALL;https://emex.ru/products/0241540/Land+Rover/29630;Land Rover;100;QSPR;32;130;19.07.2020
241540;241540;BALL;https://emex.ru/products/0241540/Land+Rover/29640;Land Rover;100;QSPR;32;130;19.07.2020
241540;241540;BALL;https://emex.ru/products/0241540/Land+Rover/29641;Land Rover;100;QSPR;33;130;19.07.2020
241540;241540;BALL;https://emex.ru/products/0241540/Land+Rover/29678;Land Rover;100;QSPR;32;130;19.07.2020
241540;241540;BALL;https://emex.ru/products/0241540/Land+Rover/29679;Land Rover;100;QSPR;32;130;19.07.2020
241540;241540;BALL;https://emex.ru/products/0241540/Land+Rover/29682;Land Rover;100;QSPR;32;130;19.07.2020
241540;241540;BALL;https://emex.ru/products/0241540/Land+Rover/29687;Land Rover;100;QSPR;32;130;19.07.2020
241540;241540;BALL;https://emex.ru/products/0241540/Land+Rover/29694;Land Rover;100;QSPR;33;130;19.07.2020
241540;241540;BALL;https://emex.ru/products/0241540/Land+Rover/29734;Land Rover;100;QSPR;31;130;19.07.2020
241540;241540;BALL;https://emex.ru/products/0241540/Land+Rover/29851;Land Rover;100;QSPR;31;135;19.07.2020
241540;241540;BALL;https://emex.ru/products/0241540/Land+Rover/29872;Land Rover;100;QSPR;32;130;19.07.2020
241540;241540;BALL;https://emex.ru/products/0241540/Land+Rover/29873;Land Rover;100;QSPR;32;130;19.07.2020
241540;241540;BALL;https://emex.ru/products/0241540/Land+Rover/29874;Land Rover;100;QSPR;33;130;19.07.2020
241540;241540;BALL;https://emex.ru/products/0241540/Land+Rover/29875;Land Rover;100;QSPR;33;130;19.07.2020
241540;241540;BALL;https://emex.ru/products/0241540/Land+Rover/29876;Land Rover;100;QSPR;32;130;19.07.2020
241540;241540;BALL;https://emex.ru/products/0241540/Land+Rover/29880;Land Rover;100;QSPR;32;130;19.07.2020
241540;241540;BALL;https://emex.ru/products/0241540/Land+Rover/29957;Land Rover;100;QSPR;33;198;19.07.2020
241540;241540;BALL;https://emex.ru/products/0241540/Land+Rover/30063;Land Rover;100;QSPR;33;130;19.07.2020
241540;241540;BALL;https://emex.ru/products/0241540/Land+Rover/30064;Land Rover;100;QSPR;32;130;19.07.2020
241540;241540;BALL;https://emex.ru/products/0241540/Land+Rover/30068;Land Rover;100;QSPR;32;130;19.07.2020
241540;241540;BALL;https://emex.ru/products/0241540/Land+Rover/30073;Land Rover;100;QSPR;33;130;19.07.2020
241540;241540;BALL;https://emex.ru/products/0241540/Land+Rover/30150;Land Rover;100;QSPR;31;136;19.07.2020
241540;241540;BALL;https://emex.ru/products/0241540/Land+Rover/30225;Land Rover;100;QSPR;32;130;19.07.2020
241540;241540;BALL;https://emex.ru/products/0241540/Land+Rover/30226;Land Rover;100;QSPR;32;130;19.07.2020
241540;241540;BALL;https://emex.ru/products/0241540/Land+Rover/30281;Land Rover;100;QSPR;32;130;19.07.2020
241540;241540;BALL;https://emex.ru/products/0241540/Land+Rover/30302;Land Rover;100;QSPR;32;130;19.07.2020
241540;241540;BALL;https://emex.ru/products/0241540/Land+Rover/30303;Land Rover;100;QSPR;32;130;19.07.2020
241540;241540;BALL;https://emex.ru/products/0241540/Land+Rover/30304;Land Rover;100;QSPR;32;130;19.07.2020
241540;241540;BALL;https://emex.ru/products/0241540/Land+Rover/30306;Land Rover;100;QSPR;32;130;19.07.2020
241540;241540;BALL;https://emex.ru/products/0241540/Land+Rover/30427;Land Rover;100;QSPR;32;130;19.07.2020
241540;241540;BALL;https://emex.ru/products/0241540/Land+Rover/30480;Land Rover;100;QSPR;32;130;19.07.2020
241540;241540;BALL;https://emex.ru/products/0241540/Land+Rover/30588;Land Rover;100;QSPR;33;141;19.07.2020
241540;241540;BALL;https://emex.ru/products/0241540/Land+Rover/30677;Land Rover;100;QSPR;32;130;19.07.2020
241540;241540;BALL;https://emex.ru/products/0241540/Land+Rover/30710;Land Rover;100;QSPR;32;134;19.07.2020
241540;241540;BALL;https://emex.ru/products/0241540/Land+Rover/30718;Land Rover;100;QSPR;32;134;19.07.2020
241540;241540;BALL;https://emex.ru/products/0241540/Land+Rover/30752;Land Rover;100;QSPR;33;141;19.07.2020
241540;241540;BALL;https://emex.ru/products/0241540/Land+Rover/30877;Land Rover;100;QSPR;31;138;19.07.2020
241540;241540;BALL;https://emex.ru/products/0241540/Land+Rover/30885;Land Rover;100;QSPR;32;134;19.07.2020
241540;241540;BALL;https://emex.ru/products/0241540/Land+Rover/30890;Land Rover;100;QSPR;32;134;19.07.2020
241540;241540;BALL;https://emex.ru/products/0241540/Land+Rover/30934;Land Rover;100;QSPR;32;134;19.07.2020
241540;241540;BALL;https://emex.ru/products/0241540/Land+Rover/30935;Land Rover;100;QSPR;32;134;19.07.2020
241540;241540;BALL;https://emex.ru/products/0241540/Land+Rover/30936;Land Rover;100;QSPR;32;134;19.07.2020
241540;241540;BALL;https://emex.ru/products/0241540/Land+Rover/31024;Land Rover;100;QSPR;32;134;19.07.2020
241540;241540;BALL;https://emex.ru/products/0241540/Land+Rover/31026;Land Rover;100;QSPR;32;134;19.07.2020
241540;241540;BALL;https://emex.ru/products/0241540/Land+Rover/31054;Land Rover;100;QSPR;33;136;19.07.2020
241540;241540;BALL;https://emex.ru/products/0241540/Land+Rover/31059;Land Rover;100;QSPR;32;134;19.07.2020
241540;241540;BALL;https://emex.ru/products/0241540/Land+Rover/31063;Land Rover;100;QSPR;32;134;19.07.2020
241540;241540;BALL;https://emex.ru/products/0241540/Land+Rover/31067;Land Rover;100;QSPR;32;134;19.07.2020
999999;999999;999999;;;;;;;
100148;100148;ƒ≈“¿À‹;https://emex.ru/products/100148/Land+Rover/2986;Land Rover;100;QSPR;31;415;19.07.2020
100148;100148;ƒ≈“¿À‹;https://emex.ru/products/100148/Land+Rover/10797;Land Rover;100;QSPR;31;410;19.07.2020
100148;100148;ƒ≈“¿À‹;https://emex.ru/products/100148/Land+Rover/11447;Land Rover;100;QSPR;32;451;19.07.2020
100148;100148;ƒ≈“¿À‹;https://emex.ru/products/100148/Land+Rover/11474;Land Rover;100;QSPR;31;446;19.07.2020
100148;100148;ƒ≈“¿À‹;https://emex.ru/products/100148/Land+Rover/11680;Land Rover;100;QSPR;31;418;19.07.2020
100148;100148;ƒ≈“¿À‹;https://emex.ru/products/100148/Land+Rover/13233;Land Rover;100;QSPR;31;461;19.07.2020
100148;100148;ƒ≈“¿À‹;https://emex.ru/products/100148/Land+Rover/13978;Land Rover;100;QSPR;31;433;19.07.2020
100148;100148;ƒ≈“¿À‹;https://emex.ru/products/100148/Land+Rover/15126;Land Rover;100;QSPR;32;410;19.07.2020
100148;100148;ƒ≈“¿À‹;https://emex.ru/products/100148/Land+Rover/15853;Land Rover;100;QSPR;31;410;19.07.2020
100148;100148;ƒ≈“¿À‹;https://emex.ru/products/100148/Land+Rover/16101;Land Rover;100;QSPR;31;433;19.07.2020
100148;100148;ƒ≈“¿À‹;https://emex.ru/products/100148/Land+Rover/16144;Land Rover;100;QSPR;31;433;19.07.2020
100148;100148;ƒ≈“¿À‹;https://emex.ru/products/100148/Land+Rover/16618;Land Rover;100;QSPR;31;458;19.07.2020
100148;100148;ƒ≈“¿À‹;https://emex.ru/products/100148/Land+Rover/17456;Land Rover;100;QSPR;31;425;19.07.2020
100148;100148;ƒ≈“¿À‹;https://emex.ru/products/100148/Land+Rover/18535;Land Rover;100;QSPR;31;417;19.07.2020
100148;100148;ƒ≈“¿À‹;https://emex.ru/products/100148/Land+Rover/18696;Land Rover;100;QSPR;52;458;19.07.2020
100148;100148;ƒ≈“¿À‹;https://emex.ru/products/100148/Land+Rover/18948;Land Rover;100;QSPR;31;431;19.07.2020
100148;100148;ƒ≈“¿À‹;https://emex.ru/products/100148/Land+Rover/19165;Land Rover;100;QSPR;32;448;19.07.2020
100148;100148;ƒ≈“¿À‹;https://emex.ru/products/100148/Land+Rover/19187;Land Rover;100;QSPR;31;427;19.07.2020
100148;100148;ƒ≈“¿À‹;https://emex.ru/products/100148/Land+Rover/19693;Land Rover;100;QSPR;32;440;19.07.2020
100148;100148;ƒ≈“¿À‹;https://emex.ru/products/100148/Land+Rover/19713;Land Rover;100;QSPR;31;451;19.07.2020
100148;100148;ƒ≈“¿À‹;https://emex.ru/products/100148/Land+Rover/20496;Land Rover;100;QSPR;32;419;19.07.2020
100148;100148;ƒ≈“¿À‹;https://emex.ru/products/100148/Land+Rover/20601;Land Rover;100;QSPR;31;445;19.07.2020
100148;100148;ƒ≈“¿À‹;https://emex.ru/products/100148/Land+Rover/20627;Land Rover;100;QSPR;31;438;19.07.2020
100148;100148;ƒ≈“¿À‹;https://emex.ru/products/100148/Land+Rover/20934;Land Rover;100;QSPR;31;433;19.07.2020
100148;100148;ƒ≈“¿À‹;https://emex.ru/products/100148/Land+Rover/21377;Land Rover;100;QSPR;31;450;19.07.2020
100148;100148;ƒ≈“¿À‹;https://emex.ru/products/100148/Land+Rover/21612;Land Rover;100;QSPR;32;453;19.07.2020
100148;100148;ƒ≈“¿À‹;https://emex.ru/products/100148/Land+Rover/21682;Land Rover;100;QSPR;31;413;19.07.2020
100148;100148;ƒ≈“¿À‹;https://emex.ru/products/100148/Land+Rover/21943;Land Rover;100;QSPR;31;427;19.07.2020
100148;100148;ƒ≈“¿À‹;https://emex.ru/products/100148/Land+Rover/22133;Land Rover;100;QSPR;33;435;19.07.2020
100148;100148;ƒ≈“¿À‹;https://emex.ru/products/100148/Land+Rover/22178;Land Rover;100;QSPR;33;435;19.07.2020
100148;100148;ƒ≈“¿À‹;https://emex.ru/products/100148/Land+Rover/22180;Land Rover;100;QSPR;33;435;19.07.2020
100148;100148;ƒ≈“¿À‹;https://emex.ru/products/100148/Land+Rover/22181;Land Rover;100;QSPR;33;435;19.07.2020
100148;100148;ƒ≈“¿À‹;https://emex.ru/products/100148/Land+Rover/22182;Land Rover;100;QSPR;33;435;19.07.2020
100148;100148;ƒ≈“¿À‹;https://emex.ru/products/100148/Land+Rover/22289;Land Rover;100;QSPR;31;430;19.07.2020
100148;100148;ƒ≈“¿À‹;https://emex.ru/products/100148/Land+Rover/23050;Land Rover;100;QSPR;31;439;19.07.2020
100148;100148;ƒ≈“¿À‹;https://emex.ru/products/100148/Land+Rover/23087;Land Rover;100;QSPR;32;439;19.07.2020
100148;100148;ƒ≈“¿À‹;https://emex.ru/products/100148/Land+Rover/23109;Land Rover;100;QSPR;31;421;19.07.2020
100148;100148;ƒ≈“¿À‹;https://emex.ru/products/100148/Land+Rover/23240;Land Rover;100;QSPR;31;446;19.07.2020
100148;100148;ƒ≈“¿À‹;https://emex.ru/products/100148/Land+Rover/23569;Land Rover;100;QSPR;31;430;19.07.2020
100148;100148;ƒ≈“¿À‹;https://emex.ru/products/100148/Land+Rover/23590;Land Rover;100;QSPR;31;446;19.07.2020
100148;100148;ƒ≈“¿À‹;https://emex.ru/products/100148/Land+Rover/23641;Land Rover;100;QSPR;31;451;19.07.2020
100148;100148;ƒ≈“¿À‹;https://emex.ru/products/100148/Land+Rover/23662;Land Rover;100;QSPR;31;420;19.07.2020
100148;100148;ƒ≈“¿À‹;https://emex.ru/products/100148/Land+Rover/24030;Land Rover;100;QSPR;32;439;19.07.2020
;;;;;;;;;
;;;;;;;;;
;;;;;;;;;
;;;;;;;;;
;;;;;;;;;
;;;;;;;;;
;;;;;;;;;
;;;;;;;;;
;;;;;;;;;
;;;;;;;;;
;;;;;;;;;
;;;;;;;;;
;;;;;;;;;
;;;;;;;;;
;;;;;;;;;
;;;;;;;;;
;;;;;;;;;
;;;;;;;;;
;;;;;;;;;
;;;;;;;;;
;;;;;;;;;
;;;;;;;;;
;;;;;;;;;
;;;;;;;;;
;;;;;;;;;
;;;;;;;;;
